"21148e7b5bc4cf6d0c38dc80bed5d7eb709897e1, view_21148e7b5bc4cf6d0c38dc80bed5d7eb709897e1/diffs/TarArchiveOutputStreamTest#testCount.txt, testCount, 47620.215, -1.0761073
","21148e7b5bc4cf6d0c38dc80bed5d7eb709897e1, view_21148e7b5bc4cf6d0c38dc80bed5d7eb709897e1/diffs/ArchiveOutputStreamTest#testCallSequenceTar.txt, testCallSequenceTar, 38349.066, -0.77087224
","21148e7b5bc4cf6d0c38dc80bed5d7eb709897e1, view_21148e7b5bc4cf6d0c38dc80bed5d7eb709897e1/diffs/TarTestCase#testTarArchiveLongNameCreation.txt, testTarArchiveLongNameCreation, 55072.695, -2.510022
","a2f978e97f13697e7adfddc3f96a9131803db679, view_a2f978e97f13697e7adfddc3f96a9131803db679/diffs/TarArchiveInputStreamTest#shouldUseSpecifiedEncodingWhenReadingGNULongNames.txt, shouldUseSpecifiedEncodingWhenReadingGNULongNames, 132.99323, -1.4205428
","a2f978e97f13697e7adfddc3f96a9131803db679, view_a2f978e97f13697e7adfddc3f96a9131803db679/diffs/TarArchiveOutputStreamTest#testWriteLongFileNamePosixMode.txt, testWriteLongFileNamePosixMode, 37320.105, -0.47740066
","a2f978e97f13697e7adfddc3f96a9131803db679, view_a2f978e97f13697e7adfddc3f96a9131803db679/diffs/EncryptedArchiveTest#testReadPasswordEncryptedEntryViaStream.txt, testReadPasswordEncryptedEntryViaStream, 3337.6235, -1.5577435
","a2f978e97f13697e7adfddc3f96a9131803db679, view_a2f978e97f13697e7adfddc3f96a9131803db679/diffs/Zip64SupportIT#writeSmallStoredEntryUnnownSizeToFileModeAlways.txt, writeSmallStoredEntryUnnownSizeToFileModeAlways, 1635.4971, 1.2821869
","a2f978e97f13697e7adfddc3f96a9131803db679, view_a2f978e97f13697e7adfddc3f96a9131803db679/diffs/Zip64SupportIT#writeSmallDeflatedEntryUnknownSizeToFileModeNever.txt, writeSmallDeflatedEntryUnknownSizeToFileModeNever, 7791.979, -0.62140065
","a2f978e97f13697e7adfddc3f96a9131803db679, view_a2f978e97f13697e7adfddc3f96a9131803db679/diffs/IOMethodsTest#testWriteZip.txt, testWriteZip, 48086.668, -1.9335388
","a2f978e97f13697e7adfddc3f96a9131803db679, view_a2f978e97f13697e7adfddc3f96a9131803db679/diffs/IOMethodsTest#testReadCpio.txt, testReadCpio, 101632.42, -0.42099908
","a2f978e97f13697e7adfddc3f96a9131803db679, view_a2f978e97f13697e7adfddc3f96a9131803db679/diffs/ArchiveStreamFactoryTest#aiffFilesAreNoTARs.txt, aiffFilesAreNoTARs, 128.49123, -1.3817632
","a2f978e97f13697e7adfddc3f96a9131803db679, view_a2f978e97f13697e7adfddc3f96a9131803db679/diffs/ArchiveStreamFactoryTest#testCOMPRESS209.txt, testCOMPRESS209, 121.99058, -1.4289714
","a2f978e97f13697e7adfddc3f96a9131803db679, view_a2f978e97f13697e7adfddc3f96a9131803db679/diffs/SparseFilesTest#testOldGNU.txt, testOldGNU, 2911.8733, -5.285747
","a671a703fe86b69adb8c61495a915065c186362d, view_a671a703fe86b69adb8c61495a915065c186362d/diffs/ChangeSetTestCase#testDeleteFromTar.txt, testDeleteFromTar, 113275.82, -20.458393
","a671a703fe86b69adb8c61495a915065c186362d, view_a671a703fe86b69adb8c61495a915065c186362d/diffs/ChangeSetTestCase#testDeleteFromAndAddToTar.txt, testDeleteFromAndAddToTar, 140253.11, -18.132908
","a671a703fe86b69adb8c61495a915065c186362d, view_a671a703fe86b69adb8c61495a915065c186362d/diffs/ChainingTestCase#testTarGzip.txt, testTarGzip, 51028.96, 3.4524114
","a671a703fe86b69adb8c61495a915065c186362d, view_a671a703fe86b69adb8c61495a915065c186362d/diffs/ChainingTestCase#testTarBzip2.txt, testTarBzip2, 211432.06, 5.204833
","a671a703fe86b69adb8c61495a915065c186362d, view_a671a703fe86b69adb8c61495a915065c186362d/diffs/TarArchiveEntryTest#testTarFileWithFSRoot.txt, testTarFileWithFSRoot, 19924.348, -118.656815
","a671a703fe86b69adb8c61495a915065c186362d, view_a671a703fe86b69adb8c61495a915065c186362d/diffs/ArchiveStreamFactoryTest#aiffFilesAreNoTARs.txt, aiffFilesAreNoTARs, 117.1969, 3.947919
","a671a703fe86b69adb8c61495a915065c186362d, view_a671a703fe86b69adb8c61495a915065c186362d/diffs/ArchiveStreamFactoryTest#testCOMPRESS209.txt, testCOMPRESS209, 144.76993, 3.9477541
","a671a703fe86b69adb8c61495a915065c186362d, view_a671a703fe86b69adb8c61495a915065c186362d/diffs/TarTestCase#testExplicitFileEntry.txt, testExplicitFileEntry, 98250.91, -23.136784
","a671a703fe86b69adb8c61495a915065c186362d, view_a671a703fe86b69adb8c61495a915065c186362d/diffs/TarTestCase#testCOMPRESS178.txt, testCOMPRESS178, 48464.586, 0.98246646
","a671a703fe86b69adb8c61495a915065c186362d, view_a671a703fe86b69adb8c61495a915065c186362d/diffs/TarTestCase#testDirectoryEntryFromFile.txt, testDirectoryEntryFromFile, 83952.75, -23.401403
","a671a703fe86b69adb8c61495a915065c186362d, view_a671a703fe86b69adb8c61495a915065c186362d/diffs/TarTestCase#testFileEntryFromFile.txt, testFileEntryFromFile, 106068.66, -24.156677
","a671a703fe86b69adb8c61495a915065c186362d, view_a671a703fe86b69adb8c61495a915065c186362d/diffs/TarTestCase#testTarArchiveCreation.txt, testTarArchiveCreation, 60533.016, -36.421944
","a671a703fe86b69adb8c61495a915065c186362d, view_a671a703fe86b69adb8c61495a915065c186362d/diffs/TarTestCase#testExplicitDirectoryEntry.txt, testExplicitDirectoryEntry, 101139.89, -22.566166
","a671a703fe86b69adb8c61495a915065c186362d, view_a671a703fe86b69adb8c61495a915065c186362d/diffs/TarTestCase#testTarArchiveLongNameCreation.txt, testTarArchiveLongNameCreation, 52053.766, -54.030346
","a671a703fe86b69adb8c61495a915065c186362d, view_a671a703fe86b69adb8c61495a915065c186362d/diffs/SparseFilesTest#testOldGNU.txt, testOldGNU, 3096.9175, 17.117577
","a671a703fe86b69adb8c61495a915065c186362d, view_a671a703fe86b69adb8c61495a915065c186362d/diffs/TarArchiveInputStreamTest#shouldConsumeArchiveCompletely.txt, shouldConsumeArchiveCompletely, 157.46606, 3.1186237
","a671a703fe86b69adb8c61495a915065c186362d, view_a671a703fe86b69adb8c61495a915065c186362d/diffs/TarArchiveInputStreamTest#datePriorToEpochInPAXFormat.txt, datePriorToEpochInPAXFormat, 181.21387, -33.755444
","a671a703fe86b69adb8c61495a915065c186362d, view_a671a703fe86b69adb8c61495a915065c186362d/diffs/TarArchiveInputStreamTest#datePriorToEpochInGNUFormat.txt, datePriorToEpochInGNUFormat, 181.12375, 3.3282182
","a671a703fe86b69adb8c61495a915065c186362d, view_a671a703fe86b69adb8c61495a915065c186362d/diffs/TarArchiveInputStreamTest#workaroundForBrokenTimeHeader.txt, workaroundForBrokenTimeHeader, 130.27516, 2.5403476
","a671a703fe86b69adb8c61495a915065c186362d, view_a671a703fe86b69adb8c61495a915065c186362d/diffs/TarArchiveInputStreamTest#readNonAsciiPaxHeader.txt, readNonAsciiPaxHeader, 39.06845, 8.099267
","a671a703fe86b69adb8c61495a915065c186362d, view_a671a703fe86b69adb8c61495a915065c186362d/diffs/TarArchiveInputStreamTest#readPaxHeaderWithEmbeddedNewline.txt, readPaxHeaderWithEmbeddedNewline, 36.038387, 6.2682266
","a671a703fe86b69adb8c61495a915065c186362d, view_a671a703fe86b69adb8c61495a915065c186362d/diffs/TarArchiveInputStreamTest#readSimplePaxHeader.txt, readSimplePaxHeader, 38.099678, 9.657519
","a671a703fe86b69adb8c61495a915065c186362d, view_a671a703fe86b69adb8c61495a915065c186362d/diffs/TarArchiveInputStreamTest#testCompress197.txt, testCompress197, 155.64845, 4.095789
","a671a703fe86b69adb8c61495a915065c186362d, view_a671a703fe86b69adb8c61495a915065c186362d/diffs/TarArchiveOutputStreamTest#testCount.txt, testCount, 62430.094, -35.992386
","a671a703fe86b69adb8c61495a915065c186362d, view_a671a703fe86b69adb8c61495a915065c186362d/diffs/TarArchiveOutputStreamTest#testPadsOutputToFullBlockLength.txt, testPadsOutputToFullBlockLength, 69888.65, -37.95957
","a671a703fe86b69adb8c61495a915065c186362d, view_a671a703fe86b69adb8c61495a915065c186362d/diffs/TarArchiveOutputStreamTest#testOldEntryError.txt, testOldEntryError, 41063.176, -5.342074
","a671a703fe86b69adb8c61495a915065c186362d, view_a671a703fe86b69adb8c61495a915065c186362d/diffs/TarArchiveOutputStreamTest#testWriteLongDirectoryNamePosixMode.txt, testWriteLongDirectoryNamePosixMode, 56167.168, 0.58456546
","a671a703fe86b69adb8c61495a915065c186362d, view_a671a703fe86b69adb8c61495a915065c186362d/diffs/DetectArchiverTestCase#testCOMPRESS117.txt, testCOMPRESS117, 53188.547, 1.5598198
","a671a703fe86b69adb8c61495a915065c186362d, view_a671a703fe86b69adb8c61495a915065c186362d/diffs/IOMethodsTest#testWriteTar.txt, testWriteTar, 52211.26, -1.0340858
","a671a703fe86b69adb8c61495a915065c186362d, view_a671a703fe86b69adb8c61495a915065c186362d/diffs/IOMethodsTest#testReadTar.txt, testReadTar, 66951.586, -54.974686
","1418705648202405208e3f4d900dfcc81457cbac, view_1418705648202405208e3f4d900dfcc81457cbac/diffs/IOMethodsTest#testReadZip.txt, testReadZip, 109605.2, 19.010939
","1418705648202405208e3f4d900dfcc81457cbac, view_1418705648202405208e3f4d900dfcc81457cbac/diffs/IOMethodsTest#testReadJar.txt, testReadJar, 96929.266, 19.529161
","1418705648202405208e3f4d900dfcc81457cbac, view_1418705648202405208e3f4d900dfcc81457cbac/diffs/ArchiveStreamFactoryTest#aiffFilesAreNoTARs.txt, aiffFilesAreNoTARs, 112.479294, 4.459717
","1418705648202405208e3f4d900dfcc81457cbac, view_1418705648202405208e3f4d900dfcc81457cbac/diffs/ArchiveStreamFactoryTest#testCOMPRESS209.txt, testCOMPRESS209, 113.5279, -1.8297265
","1418705648202405208e3f4d900dfcc81457cbac, view_1418705648202405208e3f4d900dfcc81457cbac/diffs/ZipTestCase#testFileEntryFromFile.txt, testFileEntryFromFile, 116654.23, 15.31505
","1418705648202405208e3f4d900dfcc81457cbac, view_1418705648202405208e3f4d900dfcc81457cbac/diffs/ZipTestCase#testDirectoryEntryFromFile.txt, testDirectoryEntryFromFile, 118770.33, 14.897046
","1418705648202405208e3f4d900dfcc81457cbac, view_1418705648202405208e3f4d900dfcc81457cbac/diffs/ZipTestCase#testExplicitDirectoryEntry.txt, testExplicitDirectoryEntry, 112509.71, 15.015164
","1418705648202405208e3f4d900dfcc81457cbac, view_1418705648202405208e3f4d900dfcc81457cbac/diffs/ZipTestCase#testExplicitFileEntry.txt, testExplicitFileEntry, 123649.48, 15.052655
","1418705648202405208e3f4d900dfcc81457cbac, view_1418705648202405208e3f4d900dfcc81457cbac/diffs/ZipTestCase#testZipArchiveCreation.txt, testZipArchiveCreation, 178320.31, 20.18269
","1418705648202405208e3f4d900dfcc81457cbac, view_1418705648202405208e3f4d900dfcc81457cbac/diffs/JarArchiveOutputStreamTest#testJarMarker.txt, testJarMarker, 72385.72, 48.00739
","1418705648202405208e3f4d900dfcc81457cbac, view_1418705648202405208e3f4d900dfcc81457cbac/diffs/X5455_ExtendedTimestampTest#testWriteReadRoundtrip.txt, testWriteReadRoundtrip, 1046.2666, 19.690805
","1418705648202405208e3f4d900dfcc81457cbac, view_1418705648202405208e3f4d900dfcc81457cbac/diffs/ChangeSetTestCase#testDeletePlusAddSame.txt, testDeletePlusAddSame, 1.00184094e+06, 40.96656
","1418705648202405208e3f4d900dfcc81457cbac, view_1418705648202405208e3f4d900dfcc81457cbac/diffs/ChangeSetTestCase#testDeleteFromAndAddToZip.txt, testDeleteFromAndAddToZip, 871597.9, 38.633312
","1418705648202405208e3f4d900dfcc81457cbac, view_1418705648202405208e3f4d900dfcc81457cbac/diffs/ChangeSetTestCase#testDeleteFromZip.txt, testDeleteFromZip, 182757.14, 13.518796
","1418705648202405208e3f4d900dfcc81457cbac, view_1418705648202405208e3f4d900dfcc81457cbac/diffs/ChangeSetTestCase#testAddAllreadyExistingWithReplaceFalse.txt, testAddAllreadyExistingWithReplaceFalse, 884627.8, 41.041393
","1418705648202405208e3f4d900dfcc81457cbac, view_1418705648202405208e3f4d900dfcc81457cbac/diffs/ChangeSetTestCase#testDeleteFromAndAddToZipUsingZipFilePerform.txt, testDeleteFromAndAddToZipUsingZipFilePerform, 932823.94, 40.330593
","1418705648202405208e3f4d900dfcc81457cbac, view_1418705648202405208e3f4d900dfcc81457cbac/diffs/ChangeSetTestCase#testAddToEmptyArchive.txt, testAddToEmptyArchive, 189345.75, 10.200962
","1418705648202405208e3f4d900dfcc81457cbac, view_1418705648202405208e3f4d900dfcc81457cbac/diffs/ChangeSetTestCase#testDeleteFromAndAddToJar.txt, testDeleteFromAndAddToJar, 236883.34, 19.417727
","1418705648202405208e3f4d900dfcc81457cbac, view_1418705648202405208e3f4d900dfcc81457cbac/diffs/ChangeSetTestCase#testAddAllreadyExistingWithReplaceTrue.txt, testAddAllreadyExistingWithReplaceTrue, 882503.6, 40.608685
","1418705648202405208e3f4d900dfcc81457cbac, view_1418705648202405208e3f4d900dfcc81457cbac/diffs/ChangeSetTestCase#testDeleteAddToOneFileArchive.txt, testDeleteAddToOneFileArchive, 250704.78, 17.87498
","1418705648202405208e3f4d900dfcc81457cbac, view_1418705648202405208e3f4d900dfcc81457cbac/diffs/ChangeSetTestCase#testDeleteFromJar.txt, testDeleteFromJar, 175005.69, 14.024186
","1418705648202405208e3f4d900dfcc81457cbac, view_1418705648202405208e3f4d900dfcc81457cbac/diffs/DetectArchiverTestCase#testEmptyCpioArchive.txt, testEmptyCpioArchive, 61729.91, 1.8100731
","1418705648202405208e3f4d900dfcc81457cbac, view_1418705648202405208e3f4d900dfcc81457cbac/diffs/JarTestCase#testJarArchiveCreation.txt, testJarArchiveCreation, 121783.62, 32.002937
","1418705648202405208e3f4d900dfcc81457cbac, view_1418705648202405208e3f4d900dfcc81457cbac/diffs/ScatterZipOutputStreamTest#putArchiveEntry.txt, putArchiveEntry, 1449.2385, 34.446083
","1418705648202405208e3f4d900dfcc81457cbac, view_1418705648202405208e3f4d900dfcc81457cbac/diffs/UTF8ZipFilesTest#testCP437FileRoundtripExplicitUnicodeExtra.txt, testCP437FileRoundtripExplicitUnicodeExtra, 144040.97, 37.61065
","1418705648202405208e3f4d900dfcc81457cbac, view_1418705648202405208e3f4d900dfcc81457cbac/diffs/UTF8ZipFilesTest#testZipArchiveInputStreamReadsUnicodeFields.txt, testZipArchiveInputStreamReadsUnicodeFields, 192040.89, 37.982246
","1418705648202405208e3f4d900dfcc81457cbac, view_1418705648202405208e3f4d900dfcc81457cbac/diffs/UTF8ZipFilesTest#testZipFileReadsUnicodeFields.txt, testZipFileReadsUnicodeFields, 138914.9, 36.929077
","1418705648202405208e3f4d900dfcc81457cbac, view_1418705648202405208e3f4d900dfcc81457cbac/diffs/UTF8ZipFilesTest#testUtf8FileRoundtripExplicitUnicodeExtra.txt, testUtf8FileRoundtripExplicitUnicodeExtra, 130620.58, 37.237488
","1418705648202405208e3f4d900dfcc81457cbac, view_1418705648202405208e3f4d900dfcc81457cbac/diffs/UTF8ZipFilesTest#testCP437FileRoundtripImplicitUnicodeExtra.txt, testCP437FileRoundtripImplicitUnicodeExtra, 162506.23, 38.65485
","1418705648202405208e3f4d900dfcc81457cbac, view_1418705648202405208e3f4d900dfcc81457cbac/diffs/UTF8ZipFilesTest#testUtf8FileRoundtripNoEFSImplicitUnicodeExtra.txt, testUtf8FileRoundtripNoEFSImplicitUnicodeExtra, 153911.02, 40.80462
","1418705648202405208e3f4d900dfcc81457cbac, view_1418705648202405208e3f4d900dfcc81457cbac/diffs/UTF8ZipFilesTest#testASCIIFileRoundtripExplicitUnicodeExtra.txt, testASCIIFileRoundtripExplicitUnicodeExtra, 145942.12, 36.396706
","1418705648202405208e3f4d900dfcc81457cbac, view_1418705648202405208e3f4d900dfcc81457cbac/diffs/UTF8ZipFilesTest#testUtf8FileRoundtripImplicitUnicodeExtra.txt, testUtf8FileRoundtripImplicitUnicodeExtra, 145754.89, 37.693832
","1418705648202405208e3f4d900dfcc81457cbac, view_1418705648202405208e3f4d900dfcc81457cbac/diffs/UTF8ZipFilesTest#testASCIIFileRoundtripImplicitUnicodeExtra.txt, testASCIIFileRoundtripImplicitUnicodeExtra, 165528.08, 37.176353
","1418705648202405208e3f4d900dfcc81457cbac, view_1418705648202405208e3f4d900dfcc81457cbac/diffs/UTF8ZipFilesTest#testUtf8FileRoundtripNoEFSExplicitUnicodeExtra.txt, testUtf8FileRoundtripNoEFSExplicitUnicodeExtra, 161606.27, 38.95801
","1418705648202405208e3f4d900dfcc81457cbac, view_1418705648202405208e3f4d900dfcc81457cbac/diffs/Zip64SupportIT#writeSmallDeflatedEntryKnownSizeToStreamModeNever.txt, writeSmallDeflatedEntryKnownSizeToStreamModeNever, 7648.4673, -1.1044034
","1418705648202405208e3f4d900dfcc81457cbac, view_1418705648202405208e3f4d900dfcc81457cbac/diffs/Zip64SupportIT#writeSmallDeflatedEntryKnownSizeToFile.txt, writeSmallDeflatedEntryKnownSizeToFile, 7808.923, 2.7875135
","1418705648202405208e3f4d900dfcc81457cbac, view_1418705648202405208e3f4d900dfcc81457cbac/diffs/Zip64SupportIT#writeSmallStoredEntryKnownSizeToFileModeNever.txt, writeSmallStoredEntryKnownSizeToFileModeNever, 1407.7675, 13.825405
","1418705648202405208e3f4d900dfcc81457cbac, view_1418705648202405208e3f4d900dfcc81457cbac/diffs/Zip64SupportIT#writeSmallStoredEntryUnnownSizeToFileModeAlways.txt, writeSmallStoredEntryUnnownSizeToFileModeAlways, 1525.2819, 12.360326
","1418705648202405208e3f4d900dfcc81457cbac, view_1418705648202405208e3f4d900dfcc81457cbac/diffs/Zip64SupportIT#writeSmallDeflatedEntryUnknownSizeToFile.txt, writeSmallDeflatedEntryUnknownSizeToFile, 8217.15, 8.602763
","1418705648202405208e3f4d900dfcc81457cbac, view_1418705648202405208e3f4d900dfcc81457cbac/diffs/Zip64SupportIT#writeSmallStoredEntryUnnownSizeToFile.txt, writeSmallStoredEntryUnnownSizeToFile, 1456.09, 13.34552
","1418705648202405208e3f4d900dfcc81457cbac, view_1418705648202405208e3f4d900dfcc81457cbac/diffs/Zip64SupportIT#writeSmallStoredEntryKnownSizeToFileModeAlways.txt, writeSmallStoredEntryKnownSizeToFileModeAlways, 1829.5585, 15.894054
","1418705648202405208e3f4d900dfcc81457cbac, view_1418705648202405208e3f4d900dfcc81457cbac/diffs/Zip64SupportIT#writeSmallStoredEntryKnownSizeToFile.txt, writeSmallStoredEntryKnownSizeToFile, 1579.9216, 17.247808
","1418705648202405208e3f4d900dfcc81457cbac, view_1418705648202405208e3f4d900dfcc81457cbac/diffs/Zip64SupportIT#writeSmallStoredEntryToStreamModeNever.txt, writeSmallStoredEntryToStreamModeNever, 1151.6292, 0.57849705
","1418705648202405208e3f4d900dfcc81457cbac, view_1418705648202405208e3f4d900dfcc81457cbac/diffs/Zip64SupportIT#writeSmallDeflatedEntryUnknownSizeToFileModeAlways.txt, writeSmallDeflatedEntryUnknownSizeToFileModeAlways, 8257.295, 6.359502
","1418705648202405208e3f4d900dfcc81457cbac, view_1418705648202405208e3f4d900dfcc81457cbac/diffs/Zip64SupportIT#writeSmallDeflatedEntryKnownSizeToFileModeNever.txt, writeSmallDeflatedEntryKnownSizeToFileModeNever, 7629.675, 2.8132539
","1418705648202405208e3f4d900dfcc81457cbac, view_1418705648202405208e3f4d900dfcc81457cbac/diffs/Zip64SupportIT#writeSmallDeflatedEntryUnknownSizeToFileModeNever.txt, writeSmallDeflatedEntryUnknownSizeToFileModeNever, 7823.3984, 1.8277537
","1418705648202405208e3f4d900dfcc81457cbac, view_1418705648202405208e3f4d900dfcc81457cbac/diffs/Zip64SupportIT#writeSmallDeflatedEntryKnownSizeToFileModeAlways.txt, writeSmallDeflatedEntryKnownSizeToFileModeAlways, 8051.977, 3.105389
","1418705648202405208e3f4d900dfcc81457cbac, view_1418705648202405208e3f4d900dfcc81457cbac/diffs/Zip64SupportIT#writeSmallStoredEntryUnnownSizeToFileModeNever.txt, writeSmallStoredEntryUnnownSizeToFileModeNever, 1396.3695, 12.967027
","1418705648202405208e3f4d900dfcc81457cbac, view_1418705648202405208e3f4d900dfcc81457cbac/diffs/Zip64SupportIT#writeSmallDeflatedEntryUnknownSizeToStreamModeAlways.txt, writeSmallDeflatedEntryUnknownSizeToStreamModeAlways, 7491.434, 1.1005645
","1418705648202405208e3f4d900dfcc81457cbac, view_1418705648202405208e3f4d900dfcc81457cbac/diffs/ZipFileTest#testReadingOfStoredEntry.txt, testReadingOfStoredEntry, 55373.55, 39.824303
","87f0f2ec35c600cae7a17621455c00e24256011a, view_87f0f2ec35c600cae7a17621455c00e24256011a/diffs/SevenZTestCase#testSevenZArchiveCreationUsingBZIP2.txt, testSevenZArchiveCreationUsingBZIP2, 5711.514, -0.5334316
","87f0f2ec35c600cae7a17621455c00e24256011a, view_87f0f2ec35c600cae7a17621455c00e24256011a/diffs/SevenZTestCase#testSevenZArchiveCreationUsingCopy.txt, testSevenZArchiveCreationUsingCopy, 1180.7876, -2.970953
","87f0f2ec35c600cae7a17621455c00e24256011a, view_87f0f2ec35c600cae7a17621455c00e24256011a/diffs/SevenZTestCase#testSevenZArchiveCreationUsingDeflate.txt, testSevenZArchiveCreationUsingDeflate, 1220.9238, -1.8195318
","87f0f2ec35c600cae7a17621455c00e24256011a, view_87f0f2ec35c600cae7a17621455c00e24256011a/diffs/SevenZFileTest#testReadingBackLZMA2DictSize.txt, testReadingBackLZMA2DictSize, 2695.3147, -1.0446754
","87f0f2ec35c600cae7a17621455c00e24256011a, view_87f0f2ec35c600cae7a17621455c00e24256011a/diffs/SevenZOutputFileTest#testSixEmptyFiles.txt, testSixEmptyFiles, 1004.43774, -1.2725527
","87f0f2ec35c600cae7a17621455c00e24256011a, view_87f0f2ec35c600cae7a17621455c00e24256011a/diffs/SevenZOutputFileTest#testLzma2WithOptionsConfiguration.txt, testLzma2WithOptionsConfiguration, 2061.7034, -0.9271256
","87f0f2ec35c600cae7a17621455c00e24256011a, view_87f0f2ec35c600cae7a17621455c00e24256011a/diffs/SevenZOutputFileTest#testBzip2WithConfiguration.txt, testBzip2WithConfiguration, 1914.5953, -0.92432374
","87f0f2ec35c600cae7a17621455c00e24256011a, view_87f0f2ec35c600cae7a17621455c00e24256011a/diffs/SevenZOutputFileTest#testNineEmptyFiles.txt, testNineEmptyFiles, 933.7344, -1.7510056
","87f0f2ec35c600cae7a17621455c00e24256011a, view_87f0f2ec35c600cae7a17621455c00e24256011a/diffs/SevenZOutputFileTest#testDirectoriesOnly.txt, testDirectoriesOnly, 891.6821, -1.9749957
","87f0f2ec35c600cae7a17621455c00e24256011a, view_87f0f2ec35c600cae7a17621455c00e24256011a/diffs/SevenZOutputFileTest#testLzma2WithIntConfiguration.txt, testLzma2WithIntConfiguration, 2638.2546, -1.1014003
","87f0f2ec35c600cae7a17621455c00e24256011a, view_87f0f2ec35c600cae7a17621455c00e24256011a/diffs/SevenZOutputFileTest#testTwentyNineEmptyFiles.txt, testTwentyNineEmptyFiles, 1063.137, -1.2916362
","87f0f2ec35c600cae7a17621455c00e24256011a, view_87f0f2ec35c600cae7a17621455c00e24256011a/diffs/SevenZOutputFileTest#testDeflateWithConfiguration.txt, testDeflateWithConfiguration, 921.33514, -2.083323
","87f0f2ec35c600cae7a17621455c00e24256011a, view_87f0f2ec35c600cae7a17621455c00e24256011a/diffs/SevenZOutputFileTest#testSevenEmptyFiles.txt, testSevenEmptyFiles, 892.21747, -2.8471289
","87f0f2ec35c600cae7a17621455c00e24256011a, view_87f0f2ec35c600cae7a17621455c00e24256011a/diffs/SevenZOutputFileTest#testCopyRoundtrip.txt, testCopyRoundtrip, 1072.486, -1.7140143
","87f0f2ec35c600cae7a17621455c00e24256011a, view_87f0f2ec35c600cae7a17621455c00e24256011a/diffs/SevenZOutputFileTest#testDeflateRoundtrip.txt, testDeflateRoundtrip, 941.47644, -2.8570704
","7e89c9cc80bc3fd2aab64f25dd816c6d14790988, view_7e89c9cc80bc3fd2aab64f25dd816c6d14790988/diffs/ScatterZipOutputStreamTest#putArchiveEntry.txt, putArchiveEntry, 894.258, -0.704397
","7e89c9cc80bc3fd2aab64f25dd816c6d14790988, view_7e89c9cc80bc3fd2aab64f25dd816c6d14790988/diffs/ZipFileTest#testUnzipBZip2CompressedEntry.txt, testUnzipBZip2CompressedEntry, 547.92444, 4.0326138
","7e89c9cc80bc3fd2aab64f25dd816c6d14790988, view_7e89c9cc80bc3fd2aab64f25dd816c6d14790988/diffs/ZipFileTest#testUnshrinking.txt, testUnshrinking, 895.7815, 9.725673
","7e89c9cc80bc3fd2aab64f25dd816c6d14790988, view_7e89c9cc80bc3fd2aab64f25dd816c6d14790988/diffs/ZipFileTest#testReadingOfFirstStoredEntry.txt, testReadingOfFirstStoredEntry, 335.758, -1.2778426
","7e89c9cc80bc3fd2aab64f25dd816c6d14790988, view_7e89c9cc80bc3fd2aab64f25dd816c6d14790988/diffs/FramedSnappyCompressorInputStreamTest#readIWAFile.txt, readIWAFile, 15628.868, 7.516896
","daa69a5981c7c12e0af5922f0a07653446261b07, view_daa69a5981c7c12e0af5922f0a07653446261b07/diffs/ExplodeSupportTest#testArchiveWithImplodeCompression4K2Trees.txt, testArchiveWithImplodeCompression4K2Trees, 302.04874, 1.4777747
","daa69a5981c7c12e0af5922f0a07653446261b07, view_daa69a5981c7c12e0af5922f0a07653446261b07/diffs/ScatterSampleTest#testSample.txt, testSample, 1103.1012, -1.6262889
","daa69a5981c7c12e0af5922f0a07653446261b07, view_daa69a5981c7c12e0af5922f0a07653446261b07/diffs/ZipArchiveInputStreamTest#properUseOfInflater.txt, properUseOfInflater, 413.2488, 2.2508888
","daa69a5981c7c12e0af5922f0a07653446261b07, view_daa69a5981c7c12e0af5922f0a07653446261b07/diffs/ZipFileTest#testUnshrinking.txt, testUnshrinking, 785.03796, 0.8268587
","daa69a5981c7c12e0af5922f0a07653446261b07, view_daa69a5981c7c12e0af5922f0a07653446261b07/diffs/ZipFileTest#testConcurrentReadFile.txt, testConcurrentReadFile, 3188.6494, 1.6675216
","daa69a5981c7c12e0af5922f0a07653446261b07, view_daa69a5981c7c12e0af5922f0a07653446261b07/diffs/ZipFileTest#testConcurrentReadSeekable.txt, testConcurrentReadSeekable, 2428.8477, 1.9259418
","b1bfbcb3397390ec51f0bf2472ac17c02534ee8a, view_b1bfbcb3397390ec51f0bf2472ac17c02534ee8a/diffs/BZip2TestCase#testBzipCreation.txt, testBzipCreation, 239348.31, 1.4519175
","f36320acca053aa7d0bb82f2aab582b0c04fcab1, view_f36320acca053aa7d0bb82f2aab582b0c04fcab1/diffs/TarArchiveInputStreamTest#workaroundForBrokenTimeHeader.txt, workaroundForBrokenTimeHeader, 148.78922, 1.1175963
","2f56fb5c10e6b8c8e01033ee1c50669028f28340, view_2f56fb5c10e6b8c8e01033ee1c50669028f28340/diffs/FramedLZ4CompressorInputStreamTest#readBlaLz4WithDecompressConcatenated.txt, readBlaLz4WithDecompressConcatenated, 1352.7637, 0.5630779
","2f56fb5c10e6b8c8e01033ee1c50669028f28340, view_2f56fb5c10e6b8c8e01033ee1c50669028f28340/diffs/FramedLZ4CompressorInputStreamTest#readDoubledBlaLz4WithoutExplicitDecompressConcatenated.txt, readDoubledBlaLz4WithoutExplicitDecompressConcatenated, 891.2247, 1.2167683
","2f56fb5c10e6b8c8e01033ee1c50669028f28340, view_2f56fb5c10e6b8c8e01033ee1c50669028f28340/diffs/FramedLZ4CompressorInputStreamTest#readBlaLz4ViaFactoryAutoDetection.txt, readBlaLz4ViaFactoryAutoDetection, 887.3257, 2.047181
","2f56fb5c10e6b8c8e01033ee1c50669028f28340, view_2f56fb5c10e6b8c8e01033ee1c50669028f28340/diffs/FramedLZ4CompressorInputStreamTest#readDoubledBlaLz4ViaFactoryWithoutExplicitDecompressConcatenated.txt, readDoubledBlaLz4ViaFactoryWithoutExplicitDecompressConcatenated, 858.2127, 1.5460563
","2f56fb5c10e6b8c8e01033ee1c50669028f28340, view_2f56fb5c10e6b8c8e01033ee1c50669028f28340/diffs/FramedLZ4CompressorInputStreamTest#readDoubledBlaLz4WithDecompressConcatenatedTrue.txt, readDoubledBlaLz4WithDecompressConcatenatedTrue, 1011.78265, 1.4285932
","2f56fb5c10e6b8c8e01033ee1c50669028f28340, view_2f56fb5c10e6b8c8e01033ee1c50669028f28340/diffs/FramedLZ4CompressorInputStreamTest#readDoubledBlaLz4ViaFactoryWithDecompressConcatenatedFalse.txt, readDoubledBlaLz4ViaFactoryWithDecompressConcatenatedFalse, 925.4124, 1.3875228
","2f56fb5c10e6b8c8e01033ee1c50669028f28340, view_2f56fb5c10e6b8c8e01033ee1c50669028f28340/diffs/FramedLZ4CompressorInputStreamTest#readBlaLz4.txt, readBlaLz4, 1297.3474, 0.7222769
","2f56fb5c10e6b8c8e01033ee1c50669028f28340, view_2f56fb5c10e6b8c8e01033ee1c50669028f28340/diffs/FramedLZ4CompressorInputStreamTest#readDoubledBlaLz4ViaFactoryWithDecompressConcatenatedTrue.txt, readDoubledBlaLz4ViaFactoryWithDecompressConcatenatedTrue, 1008.5901, 1.3800949
","2f56fb5c10e6b8c8e01033ee1c50669028f28340, view_2f56fb5c10e6b8c8e01033ee1c50669028f28340/diffs/FramedLZ4CompressorInputStreamTest#readBlaLz4ViaFactory.txt, readBlaLz4ViaFactory, 1417.0028, 0.8941279
","2f56fb5c10e6b8c8e01033ee1c50669028f28340, view_2f56fb5c10e6b8c8e01033ee1c50669028f28340/diffs/FramedLZ4CompressorInputStreamTest#readBlaLz4ViaFactoryWithDecompressConcatenated.txt, readBlaLz4ViaFactoryWithDecompressConcatenated, 1432.6858, 1.5378606
","2f56fb5c10e6b8c8e01033ee1c50669028f28340, view_2f56fb5c10e6b8c8e01033ee1c50669028f28340/diffs/FramedLZ4CompressorInputStreamTest#readDoubledBlaLz4WithDecompressConcatenatedFalse.txt, readDoubledBlaLz4WithDecompressConcatenatedFalse, 830.2032, 1.2862223
","2f56fb5c10e6b8c8e01033ee1c50669028f28340, view_2f56fb5c10e6b8c8e01033ee1c50669028f28340/diffs/FramedLZ4CompressorInputStreamTest#rejectsSkippableFrameWithPrematureEndInLengthBytes.txt, rejectsSkippableFrameWithPrematureEndInLengthBytes, 614.7275, 0.79749405
","2f56fb5c10e6b8c8e01033ee1c50669028f28340, view_2f56fb5c10e6b8c8e01033ee1c50669028f28340/diffs/FramedLZ4CompressorInputStreamTest#rejectsStreamsWithoutContentChecksum.txt, rejectsStreamsWithoutContentChecksum, 673.65607, 1.6349844
","2f56fb5c10e6b8c8e01033ee1c50669028f28340, view_2f56fb5c10e6b8c8e01033ee1c50669028f28340/diffs/FramedLZ4CompressorInputStreamTest#skipsOverTrailingSkippableFrames.txt, skipsOverTrailingSkippableFrames, 591.97284, 1.1848298
","2f56fb5c10e6b8c8e01033ee1c50669028f28340, view_2f56fb5c10e6b8c8e01033ee1c50669028f28340/diffs/FramedLZ4CompressorInputStreamTest#skipsOverSkippableFrames.txt, skipsOverSkippableFrames, 525.6462, 0.94232166
","4e442bb44280243f6e0e72d845fa8275d665ca84, view_4e442bb44280243f6e0e72d845fa8275d665ca84/diffs/DetectCompressorTestCase#testLZMAMemoryLimit.txt, testLZMAMemoryLimit, 204.53546, -1.5405731
","4e442bb44280243f6e0e72d845fa8275d665ca84, view_4e442bb44280243f6e0e72d845fa8275d665ca84/diffs/DetectCompressorTestCase#testXZMemoryLimitOnSkip.txt, testXZMemoryLimitOnSkip, 222.10867, -1.2913349
","2318ba308b4d36c493330c9286a86878bc24af55, view_2318ba308b4d36c493330c9286a86878bc24af55/diffs/TarTestCase#testTarArchiveLongNameCreation.txt, testTarArchiveLongNameCreation, 48146.63, -0.50988525
","2318ba308b4d36c493330c9286a86878bc24af55, view_2318ba308b4d36c493330c9286a86878bc24af55/diffs/TarArchiveEntryTest#testTarFileWithFSRoot.txt, testTarFileWithFSRoot, 12678.221, -1.8041486
","afb5df5db3c52da18f8e8ef4d6142eb0340b5777, view_afb5df5db3c52da18f8e8ef4d6142eb0340b5777/diffs/XZTestCase#testXZCreation.txt, testXZCreation, 1.2414089e+06, -0.95806277
","d2bcb0371967f313aa9710f12725c20a5650dc93, view_d2bcb0371967f313aa9710f12725c20a5650dc93/diffs/ArchiveOutputStreamTest#testCallSequenceTar.txt, testCallSequenceTar, 59723.977, -1.6536254
","840a20e10b88734211f814cec99177e3bcd06a4a, view_840a20e10b88734211f814cec99177e3bcd06a4a/diffs/BitInputStreamTest#testReading17BitsInLittleEndian.txt, testReading17BitsInLittleEndian, 10.686634, -2.4064708
","840a20e10b88734211f814cec99177e3bcd06a4a, view_840a20e10b88734211f814cec99177e3bcd06a4a/diffs/BitInputStreamTest#testReading24BitsInLittleEndian.txt, testReading24BitsInLittleEndian, 10.320129, -2.8012903
","516c38fd95fff30841f9af370f50cf1f7733c209, view_516c38fd95fff30841f9af370f50cf1f7733c209/diffs/ZipTestCase#testListAllFilesWithNestedArchive.txt, testListAllFilesWithNestedArchive, 58640.008, -1.9193956
","516c38fd95fff30841f9af370f50cf1f7733c209, view_516c38fd95fff30841f9af370f50cf1f7733c209/diffs/UTF8ZipFilesTest#testCP437FileRoundtripImplicitUnicodeExtra.txt, testCP437FileRoundtripImplicitUnicodeExtra, 92214.94, 0.4166627
","516c38fd95fff30841f9af370f50cf1f7733c209, view_516c38fd95fff30841f9af370f50cf1f7733c209/diffs/UTF8ZipFilesTest#testReadWinZipArchiveForStream.txt, testReadWinZipArchiveForStream, 50638.832, -2.3039424
","516c38fd95fff30841f9af370f50cf1f7733c209, view_516c38fd95fff30841f9af370f50cf1f7733c209/diffs/X5455_ExtendedTimestampTest#testWriteReadRoundtrip.txt, testWriteReadRoundtrip, 915.78296, 1.0733563
","516c38fd95fff30841f9af370f50cf1f7733c209, view_516c38fd95fff30841f9af370f50cf1f7733c209/diffs/Zip64SupportIT#writeSmallStoredEntryKnownSizeToFileModeNever.txt, writeSmallStoredEntryKnownSizeToFileModeNever, 1226.8608, 0.6935451
","516c38fd95fff30841f9af370f50cf1f7733c209, view_516c38fd95fff30841f9af370f50cf1f7733c209/diffs/Zip64SupportIT#writeSmallStoredEntryUnnownSizeToFileModeAlways.txt, writeSmallStoredEntryUnnownSizeToFileModeAlways, 1552.2993, 1.6463404
","516c38fd95fff30841f9af370f50cf1f7733c209, view_516c38fd95fff30841f9af370f50cf1f7733c209/diffs/Zip64SupportIT#writeSmallDeflatedEntryUnknownSizeToFile.txt, writeSmallDeflatedEntryUnknownSizeToFile, 7702.0225, 0.36104062
","516c38fd95fff30841f9af370f50cf1f7733c209, view_516c38fd95fff30841f9af370f50cf1f7733c209/diffs/Zip64SupportIT#writeSmallStoredEntryUnnownSizeToFile.txt, writeSmallStoredEntryUnnownSizeToFile, 1360.7146, 1.212621
","516c38fd95fff30841f9af370f50cf1f7733c209, view_516c38fd95fff30841f9af370f50cf1f7733c209/diffs/Zip64SupportIT#writeSmallStoredEntryToStreamModeAlways.txt, writeSmallStoredEntryToStreamModeAlways, 1271.3663, 0.70988303
","516c38fd95fff30841f9af370f50cf1f7733c209, view_516c38fd95fff30841f9af370f50cf1f7733c209/diffs/ZipArchiveEntryTest#testCopyConstructor.txt, testCopyConstructor, 96.01148, 15.914696
","516c38fd95fff30841f9af370f50cf1f7733c209, view_516c38fd95fff30841f9af370f50cf1f7733c209/diffs/ZipArchiveEntryTest#testExtraFields.txt, testExtraFields, 519.3927, 1.9808925
","516c38fd95fff30841f9af370f50cf1f7733c209, view_516c38fd95fff30841f9af370f50cf1f7733c209/diffs/ZipArchiveEntryTest#testNotEquals.txt, testNotEquals, 53.540062, -13.358105
","516c38fd95fff30841f9af370f50cf1f7733c209, view_516c38fd95fff30841f9af370f50cf1f7733c209/diffs/ZipArchiveEntryTest#testUnixMode.txt, testUnixMode, 69.882256, 12.95617
","516c38fd95fff30841f9af370f50cf1f7733c209, view_516c38fd95fff30841f9af370f50cf1f7733c209/diffs/ZipArchiveEntryTest#testExtraFieldMerging.txt, testExtraFieldMerging, 411.70663, 14.835618
","516c38fd95fff30841f9af370f50cf1f7733c209, view_516c38fd95fff30841f9af370f50cf1f7733c209/diffs/ZipArchiveEntryTest#testAddAsFirstExtraField.txt, testAddAsFirstExtraField, 295.99445, 6.979054
","516c38fd95fff30841f9af370f50cf1f7733c209, view_516c38fd95fff30841f9af370f50cf1f7733c209/diffs/ZipArchiveInputStreamTest#shouldConsumeArchiveCompletely.txt, shouldConsumeArchiveCompletely, 220.95361, 2.8586645
","516c38fd95fff30841f9af370f50cf1f7733c209, view_516c38fd95fff30841f9af370f50cf1f7733c209/diffs/ZipArchiveInputStreamTest#winzipBackSlashWorkaround.txt, winzipBackSlashWorkaround, 227.46774, 1.8706374
","516c38fd95fff30841f9af370f50cf1f7733c209, view_516c38fd95fff30841f9af370f50cf1f7733c209/diffs/ZipArchiveInputStreamTest#properUseOfInflater.txt, properUseOfInflater, 365.3926, 2.4670396
","516c38fd95fff30841f9af370f50cf1f7733c209, view_516c38fd95fff30841f9af370f50cf1f7733c209/diffs/ZipArchiveInputStreamTest#testReadingOfFirstStoredEntry.txt, testReadingOfFirstStoredEntry, 239.73807, 1.5328318
","516c38fd95fff30841f9af370f50cf1f7733c209, view_516c38fd95fff30841f9af370f50cf1f7733c209/diffs/ZipFileTest#testDuplicateEntry.txt, testDuplicateEntry, 9278.105, 1.1281071
","516c38fd95fff30841f9af370f50cf1f7733c209, view_516c38fd95fff30841f9af370f50cf1f7733c209/diffs/ZipFileTest#testDoubleClose.txt, testDoubleClose, 56072.344, 0.96792656
","516c38fd95fff30841f9af370f50cf1f7733c209, view_516c38fd95fff30841f9af370f50cf1f7733c209/diffs/ZipFileTest#testWinzipBackSlashWorkaround.txt, testWinzipBackSlashWorkaround, 15362.621, 0.90144396
","516c38fd95fff30841f9af370f50cf1f7733c209, view_516c38fd95fff30841f9af370f50cf1f7733c209/diffs/ArchiveOutputStreamTest#testCallSequenceZip.txt, testCallSequenceZip, 65425.246, -1.416558
","b67a14697fcf363bc2d7f18407e51b12ca05c1a9, view_b67a14697fcf363bc2d7f18407e51b12ca05c1a9/diffs/SevenZTestCase#testSevenZArchiveCreationUsingBZIP2.txt, testSevenZArchiveCreationUsingBZIP2, 6022.3545, 5.8277926
","b67a14697fcf363bc2d7f18407e51b12ca05c1a9, view_b67a14697fcf363bc2d7f18407e51b12ca05c1a9/diffs/SevenZFileTest#test7zUnarchive.txt, test7zUnarchive, 2059.5728, 39.256527
","b67a14697fcf363bc2d7f18407e51b12ca05c1a9, view_b67a14697fcf363bc2d7f18407e51b12ca05c1a9/diffs/SevenZOutputFileTest#testStackOfContentCompressions.txt, testStackOfContentCompressions, 14720.093, 0.530005
","b67a14697fcf363bc2d7f18407e51b12ca05c1a9, view_b67a14697fcf363bc2d7f18407e51b12ca05c1a9/diffs/SevenZOutputFileTest#testBzip2WithConfiguration.txt, testBzip2WithConfiguration, 2109.639, 2.9767
","b67a14697fcf363bc2d7f18407e51b12ca05c1a9, view_b67a14697fcf363bc2d7f18407e51b12ca05c1a9/diffs/SevenZOutputFileTest#testBzip2Roundtrip.txt, testBzip2Roundtrip, 2922.1262, 3.4805984
","f9334473bd9993f38458ecee137ba9e7f7b79abb, view_f9334473bd9993f38458ecee137ba9e7f7b79abb/diffs/DumpArchiveInputStreamTest#testNotADumpArchiveButBigEnough.txt, testNotADumpArchiveButBigEnough, 612.69305, 0.79573107
","f9334473bd9993f38458ecee137ba9e7f7b79abb, view_f9334473bd9993f38458ecee137ba9e7f7b79abb/diffs/ZipArchiveInputStreamTest#testUnzipBZip2CompressedEntry.txt, testUnzipBZip2CompressedEntry, 437.02292, -0.84479845
","f9334473bd9993f38458ecee137ba9e7f7b79abb, view_f9334473bd9993f38458ecee137ba9e7f7b79abb/diffs/ChangeSetTestCase#testDeleteFromAndAddToZipUsingZipFilePerform.txt, testDeleteFromAndAddToZipUsingZipFilePerform, 5707.122, 1.0249517
","f9334473bd9993f38458ecee137ba9e7f7b79abb, view_f9334473bd9993f38458ecee137ba9e7f7b79abb/diffs/Pack200TestCase#testJarArchiveCreationInMemory.txt, testJarArchiveCreationInMemory, 3070.9631, -1.0730226
","f9334473bd9993f38458ecee137ba9e7f7b79abb, view_f9334473bd9993f38458ecee137ba9e7f7b79abb/diffs/DeflateCompressorInputStreamTest#shouldBeAbleToSkipAByte.txt, shouldBeAbleToSkipAByte, 153.27902, -0.83582395
","f9334473bd9993f38458ecee137ba9e7f7b79abb, view_f9334473bd9993f38458ecee137ba9e7f7b79abb/diffs/DeflateCompressorInputStreamTest#singleByteReadWorksAsExpected.txt, singleByteReadWorksAsExpected, 147.64455, -1.4834837
","f9334473bd9993f38458ecee137ba9e7f7b79abb, view_f9334473bd9993f38458ecee137ba9e7f7b79abb/diffs/DeflateCompressorInputStreamTest#availableShouldReturnNonZero.txt, availableShouldReturnNonZero, 120.590065, -1.028175
","f9334473bd9993f38458ecee137ba9e7f7b79abb, view_f9334473bd9993f38458ecee137ba9e7f7b79abb/diffs/DeflateCompressorOutputStreamTest#canReadASingleByteFlushAndFinish.txt, canReadASingleByteFlushAndFinish, 45.10968, -1.6566691
","daeb07457183232eb9a9fb71bfb31a3700404427, view_daeb07457183232eb9a9fb71bfb31a3700404427/diffs/SevenZOutputFileTest#testSixEmptyFiles.txt, testSixEmptyFiles, 1062.354, 2.2731018
","daeb07457183232eb9a9fb71bfb31a3700404427, view_daeb07457183232eb9a9fb71bfb31a3700404427/diffs/SevenZOutputFileTest#testLzma2WithOptionsConfiguration.txt, testLzma2WithOptionsConfiguration, 2128.3022, 1.1387177
","daeb07457183232eb9a9fb71bfb31a3700404427, view_daeb07457183232eb9a9fb71bfb31a3700404427/diffs/SevenZOutputFileTest#testBzip2WithConfiguration.txt, testBzip2WithConfiguration, 1833.0148, 0.9738478
","daeb07457183232eb9a9fb71bfb31a3700404427, view_daeb07457183232eb9a9fb71bfb31a3700404427/diffs/SevenZOutputFileTest#testEightFilesSomeNotEmpty.txt, testEightFilesSomeNotEmpty, 25121.873, -0.3913029
","daeb07457183232eb9a9fb71bfb31a3700404427, view_daeb07457183232eb9a9fb71bfb31a3700404427/diffs/SevenZOutputFileTest#testNineEmptyFiles.txt, testNineEmptyFiles, 935.5242, 1.7942468
","daeb07457183232eb9a9fb71bfb31a3700404427, view_daeb07457183232eb9a9fb71bfb31a3700404427/diffs/SevenZOutputFileTest#testDirectoriesOnly.txt, testDirectoriesOnly, 791.3596, 2.729129
","daeb07457183232eb9a9fb71bfb31a3700404427, view_daeb07457183232eb9a9fb71bfb31a3700404427/diffs/SevenZOutputFileTest#testSixFilesSomeNotEmpty.txt, testSixFilesSomeNotEmpty, 25411.744, -0.6749541
","daeb07457183232eb9a9fb71bfb31a3700404427, view_daeb07457183232eb9a9fb71bfb31a3700404427/diffs/SevenZOutputFileTest#testEightEmptyFiles.txt, testEightEmptyFiles, 992.7632, 2.4241822
","daeb07457183232eb9a9fb71bfb31a3700404427, view_daeb07457183232eb9a9fb71bfb31a3700404427/diffs/SevenZOutputFileTest#testTwentyNineEmptyFiles.txt, testTwentyNineEmptyFiles, 948.296, 1.2502766
","daeb07457183232eb9a9fb71bfb31a3700404427, view_daeb07457183232eb9a9fb71bfb31a3700404427/diffs/SevenZOutputFileTest#testDeflateWithConfiguration.txt, testDeflateWithConfiguration, 926.3282, 2.419452
","daeb07457183232eb9a9fb71bfb31a3700404427, view_daeb07457183232eb9a9fb71bfb31a3700404427/diffs/SevenZOutputFileTest#testSevenEmptyFiles.txt, testSevenEmptyFiles, 930.55, 2.3310182
","daeb07457183232eb9a9fb71bfb31a3700404427, view_daeb07457183232eb9a9fb71bfb31a3700404427/diffs/SevenZOutputFileTest#testCopyRoundtrip.txt, testCopyRoundtrip, 1012.8517, 3.0816665
","daeb07457183232eb9a9fb71bfb31a3700404427, view_daeb07457183232eb9a9fb71bfb31a3700404427/diffs/SevenZOutputFileTest#testDeflateRoundtrip.txt, testDeflateRoundtrip, 962.2342, 2.0746944
","daeb07457183232eb9a9fb71bfb31a3700404427, view_daeb07457183232eb9a9fb71bfb31a3700404427/diffs/SevenZTestCase#testSevenZArchiveCreationUsingCopy.txt, testSevenZArchiveCreationUsingCopy, 1216.9038, 1.6906576
","daeb07457183232eb9a9fb71bfb31a3700404427, view_daeb07457183232eb9a9fb71bfb31a3700404427/diffs/SevenZTestCase#testSevenZArchiveCreationUsingDeflate.txt, testSevenZArchiveCreationUsingDeflate, 1216.8285, 1.680169
","daeb07457183232eb9a9fb71bfb31a3700404427, view_daeb07457183232eb9a9fb71bfb31a3700404427/diffs/SevenZFileTest#testHelloWorldHeaderCompressionOffCopy.txt, testHelloWorldHeaderCompressionOffCopy, 717.3185, -3.754395
","daeb07457183232eb9a9fb71bfb31a3700404427, view_daeb07457183232eb9a9fb71bfb31a3700404427/diffs/SevenZFileTest#test7zUnarchive.txt, test7zUnarchive, 1141.8906, -3.2567775
","daeb07457183232eb9a9fb71bfb31a3700404427, view_daeb07457183232eb9a9fb71bfb31a3700404427/diffs/SevenZFileTest#testEncryptedArchiveRequiresPassword.txt, testEncryptedArchiveRequiresPassword, 682.4398, -4.564987
","daeb07457183232eb9a9fb71bfb31a3700404427, view_daeb07457183232eb9a9fb71bfb31a3700404427/diffs/SevenZFileTest#testCompressedHeaderWithNonDefaultDictionarySize.txt, testCompressedHeaderWithNonDefaultDictionarySize, 17920.361, -4.128791
","daeb07457183232eb9a9fb71bfb31a3700404427, view_daeb07457183232eb9a9fb71bfb31a3700404427/diffs/SevenZFileTest#testHelloWorldHeaderCompressionOffLZMA2.txt, testHelloWorldHeaderCompressionOffLZMA2, 773.2364, -4.2346687
","daeb07457183232eb9a9fb71bfb31a3700404427, view_daeb07457183232eb9a9fb71bfb31a3700404427/diffs/SevenZFileTest#getEntriesOfUnarchiveTest.txt, getEntriesOfUnarchiveTest, 929.65717, -4.4577584
","daeb07457183232eb9a9fb71bfb31a3700404427, view_daeb07457183232eb9a9fb71bfb31a3700404427/diffs/SevenZFileTest#testAllEmptyFilesArchive.txt, testAllEmptyFilesArchive, 675.966, -2.933274
","daeb07457183232eb9a9fb71bfb31a3700404427, view_daeb07457183232eb9a9fb71bfb31a3700404427/diffs/SevenZFileTest#test7zDeflateUnarchive.txt, test7zDeflateUnarchive, 1221.9777, -2.9007924
","daeb07457183232eb9a9fb71bfb31a3700404427, view_daeb07457183232eb9a9fb71bfb31a3700404427/diffs/SevenZFileTest#testReadingBackLZMA2DictSize.txt, testReadingBackLZMA2DictSize, 2708.6545, 0.43926904
","daeb07457183232eb9a9fb71bfb31a3700404427, view_daeb07457183232eb9a9fb71bfb31a3700404427/diffs/SevenZFileTest#readEntriesOfSize0.txt, readEntriesOfSize0, 1197.26, -4.571955
","7d73baf10e435fcaa4927495afc185fb473c416b, view_7d73baf10e435fcaa4927495afc185fb473c416b/diffs/DetectCompressorTestCase#testDetect.txt, testDetect, 401.5515, -12.721781
","135dd48fda61f81d9b8e0aec0661c1d48226ae3c, view_135dd48fda61f81d9b8e0aec0661c1d48226ae3c/diffs/ZipFileTest#testEntryAlignment.txt, testEntryAlignment, 286.7931, -2.7233975
","135dd48fda61f81d9b8e0aec0661c1d48226ae3c, view_135dd48fda61f81d9b8e0aec0661c1d48226ae3c/diffs/ZipFileTest#testUnzipBZip2CompressedEntry.txt, testUnzipBZip2CompressedEntry, 549.3475, 17.459084
","135dd48fda61f81d9b8e0aec0661c1d48226ae3c, view_135dd48fda61f81d9b8e0aec0661c1d48226ae3c/diffs/ZipFileTest#testDuplicateEntry.txt, testDuplicateEntry, 329.30136, -1.469715
","135dd48fda61f81d9b8e0aec0661c1d48226ae3c, view_135dd48fda61f81d9b8e0aec0661c1d48226ae3c/diffs/ZipFileTest#testUnixSymlinkSampleFile.txt, testUnixSymlinkSampleFile, 730.1266, -2.1464684
","135dd48fda61f81d9b8e0aec0661c1d48226ae3c, view_135dd48fda61f81d9b8e0aec0661c1d48226ae3c/diffs/ZipFileTest#testUnshrinking.txt, testUnshrinking, 758.6732, 41.325745
","135dd48fda61f81d9b8e0aec0661c1d48226ae3c, view_135dd48fda61f81d9b8e0aec0661c1d48226ae3c/diffs/ZipFileTest#testConcurrentReadFile.txt, testConcurrentReadFile, 3167.3271, 16.96777
","135dd48fda61f81d9b8e0aec0661c1d48226ae3c, view_135dd48fda61f81d9b8e0aec0661c1d48226ae3c/diffs/ZipFileTest#testConcurrentReadSeekable.txt, testConcurrentReadSeekable, 2402.098, -0.6245951
"
